{"cameraMode":{"drawMode":0,"name":"Shaded","section":"Shading Mode"},"sceneLighting":false,"audioPlay":false,"sceneViewState":{"showFog":true,"showMaterialUpdate":false,"showSkybox":true,"showFlares":true,"showImageEffects":true,"showParticleSystems":true},"in2DMode":false,"pivot":{"x":5.041367530822754,"y":-2.191579580307007,"z":-0.17055606842041017},"rotation":{"x":0.3197338879108429,"y":0.3191189765930176,"z":-0.11533568799495697,"w":0.884667158126831},"size":8.181599617004395,"orthographic":false}