{"cameraMode":{"drawMode":0,"name":"Shaded","section":"Shading Mode"},"sceneLighting":false,"audioPlay":false,"sceneViewState":{"showFog":false,"showMaterialUpdate":false,"showSkybox":false,"showFlares":false,"showImageEffects":false,"showParticleSystems":false},"in2DMode":false,"pivot":{"x":-5.376552581787109,"y":0.7964092493057251,"z":6.55112886428833},"rotation":{"x":0.000004043240551254712,"y":0.9885144829750061,"z":-0.1512182205915451,"w":-0.0000021190378447499826},"size":2.048600912094116,"orthographic":false}