{"cameraMode":{"drawMode":0,"name":"Shaded","section":"Shading Mode"},"sceneLighting":true,"audioPlay":false,"sceneViewState":{"showFog":false,"showMaterialUpdate":false,"showSkybox":false,"showFlares":false,"showImageEffects":false,"showParticleSystems":false},"in2DMode":false,"pivot":{"x":-2.7471909523010256,"y":-1.5459458827972413,"z":-2.086229085922241},"rotation":{"x":-0.13296467065811158,"y":0.8595221638679504,"z":-0.40474942326545718,"w":-0.2823624908924103},"size":14.713973045349121,"orthographic":false}