{"cameraMode":{"drawMode":0,"name":"Shaded","section":"Shading Mode"},"sceneLighting":true,"audioPlay":false,"sceneViewState":{"showFog":false,"showMaterialUpdate":false,"showSkybox":false,"showFlares":false,"showImageEffects":false,"showParticleSystems":false},"in2DMode":false,"pivot":{"x":3.0887081623077394,"y":4.605672836303711,"z":-0.482405424118042},"rotation":{"x":0.158340185880661,"y":-0.7127904295921326,"z":0.17058193683624268,"w":0.6616355776786804},"size":13.521184921264649,"orthographic":true}