{"cameraMode":{"drawMode":0,"name":"Shaded","section":"Shading Mode"},"sceneLighting":false,"audioPlay":false,"sceneViewState":{"showFog":false,"showMaterialUpdate":false,"showSkybox":false,"showFlares":false,"showImageEffects":false,"showParticleSystems":false},"in2DMode":false,"pivot":{"x":-0.02670898474752903,"y":1.6977853775024415,"z":2.545867919921875},"rotation":{"x":0.06021035090088844,"y":-0.6939671635627747,"z":0.058430757373571399,"w":0.7151044607162476},"size":1.088785171508789,"orthographic":true}