{"cameraMode":{"drawMode":0,"name":"Shaded","section":"Shading Mode"},"sceneLighting":true,"audioPlay":false,"sceneViewState":{"showFog":false,"showMaterialUpdate":false,"showSkybox":false,"showFlares":false,"showImageEffects":false,"showParticleSystems":false},"in2DMode":false,"pivot":{"x":5.998837471008301,"y":0.5443001985549927,"z":17.091161727905275},"rotation":{"x":-0.05367100611329079,"y":-0.009291768074035645,"z":0.0004924851236864924,"w":-0.9985284805297852},"size":15.841034889221192,"orthographic":false}