{"cameraMode":{"drawMode":0,"name":"Shaded","section":"Shading Mode"},"sceneLighting":true,"audioPlay":false,"sceneViewState":{"showFog":false,"showMaterialUpdate":false,"showSkybox":false,"showFlares":false,"showImageEffects":false,"showParticleSystems":false},"in2DMode":false,"pivot":{"x":-18.324928283691408,"y":-3.0254411697387697,"z":0.05939126014709473},"rotation":{"x":0.07047000527381897,"y":-0.642765998840332,"z":0.059558309614658359,"w":0.7604910731315613},"size":23.955753326416017,"orthographic":false}