{"cameraMode":{"drawMode":0,"name":"Shaded","section":"Shading Mode"},"sceneLighting":true,"audioPlay":false,"sceneViewState":{"showFog":false,"showMaterialUpdate":false,"showSkybox":false,"showFlares":false,"showImageEffects":false,"showParticleSystems":false},"in2DMode":false,"pivot":{"x":-4.1538543701171879,"y":-3.145073413848877,"z":-21.552730560302736},"rotation":{"x":-0.014125910587608815,"y":0.9858204126358032,"z":-0.12337259948253632,"w":-0.11287277936935425},"size":28.91678810119629,"orthographic":false}