{"cameraMode":{"drawMode":0,"name":"Shaded","section":"Shading Mode"},"sceneLighting":true,"audioPlay":false,"sceneViewState":{"showFog":false,"showMaterialUpdate":false,"showSkybox":false,"showFlares":false,"showImageEffects":false,"showParticleSystems":false},"in2DMode":false,"pivot":{"x":-4.727529525756836,"y":-0.5687412619590759,"z":4.961974143981934},"rotation":{"x":-0.2622133195400238,"y":0.2655002474784851,"z":-0.07528616487979889,"w":-0.9247087240219116},"size":5.885228157043457,"orthographic":false}