{"cameraMode":{"drawMode":0,"name":"Shaded","section":"Shading Mode"},"sceneLighting":true,"audioPlay":false,"sceneViewState":{"showFog":false,"showMaterialUpdate":false,"showSkybox":false,"showFlares":false,"showImageEffects":false,"showParticleSystems":false},"in2DMode":false,"pivot":{"x":0.9543412923812866,"y":-12.478168487548829,"z":4.004975318908691},"rotation":{"x":0.5753346085548401,"y":0.09056536853313446,"z":-0.06430073827505112,"w":0.8103433847427368},"size":22.60711097717285,"orthographic":false}