{"cameraMode":{"drawMode":0,"name":"Shaded","section":"Shading Mode"},"sceneLighting":false,"audioPlay":false,"sceneViewState":{"showFog":false,"showMaterialUpdate":false,"showSkybox":false,"showFlares":false,"showImageEffects":false,"showParticleSystems":false},"in2DMode":false,"pivot":{"x":5.025641441345215,"y":2.557231903076172,"z":4.083724498748779},"rotation":{"x":-0.07848397642374039,"y":0.8158751726150513,"z":-0.11405794322490692,"w":-0.5614147782325745},"size":-1.1486010551452637,"orthographic":false}