{"cameraMode":{"drawMode":0,"name":"Shaded","section":"Shading Mode"},"sceneLighting":true,"audioPlay":false,"sceneViewState":{"showFog":false,"showMaterialUpdate":false,"showSkybox":false,"showFlares":false,"showImageEffects":false,"showParticleSystems":false},"in2DMode":false,"pivot":{"x":-0.9200000762939453,"y":0.8299999833106995,"z":0.949999988079071},"rotation":{"x":0.3912718594074249,"y":-0.6017874479293823,"z":0.429983913898468,"w":0.5476091504096985},"size":16.375951766967775,"orthographic":true}