{"cameraMode":{"drawMode":0,"name":"Shaded","section":"Shading Mode"},"sceneLighting":true,"audioPlay":false,"sceneViewState":{"showFog":false,"showMaterialUpdate":false,"showSkybox":false,"showFlares":false,"showImageEffects":false,"showParticleSystems":false},"in2DMode":false,"pivot":{"x":3.7431960105895998,"y":-1.6129074096679688,"z":-1.03631591796875},"rotation":{"x":-0.08922355622053147,"y":0.9007670283317566,"z":-0.3627159595489502,"w":-0.221577987074852},"size":20.18309211730957,"orthographic":false}