{"cameraMode":{"drawMode":0,"name":"Shaded","section":"Shading Mode"},"sceneLighting":true,"audioPlay":false,"sceneViewState":{"showFog":false,"showMaterialUpdate":false,"showSkybox":false,"showFlares":false,"showImageEffects":false,"showParticleSystems":false},"in2DMode":false,"pivot":{"x":19.646772384643556,"y":3.4667439460754396,"z":0.24094299972057343},"rotation":{"x":-0.017712630331516267,"y":0.7190689444541931,"z":0.01834077015519142,"w":0.6944736242294312},"size":28.91678810119629,"orthographic":false}