{"cameraMode":{"drawMode":0,"name":"Shaded","section":"Shading Mode"},"sceneLighting":false,"audioPlay":false,"sceneViewState":{"showFog":false,"showMaterialUpdate":false,"showSkybox":false,"showFlares":false,"showImageEffects":false,"showParticleSystems":false},"in2DMode":false,"pivot":{"x":-0.01116567850112915,"y":1.1952121257781983,"z":1.7375004291534424},"rotation":{"x":-0.03287919983267784,"y":-0.7014656662940979,"z":-0.03243290260434151,"w":0.7112129330635071},"size":2.5063998699188234,"orthographic":false}