{"cameraMode":{"drawMode":0,"name":"Shaded","section":"Shading Mode"},"sceneLighting":true,"audioPlay":false,"sceneViewState":{"showFog":false,"showMaterialUpdate":false,"showSkybox":false,"showFlares":false,"showImageEffects":false,"showParticleSystems":false},"in2DMode":false,"pivot":{"x":-9.873625755310059,"y":-15.255975723266602,"z":5.316752910614014},"rotation":{"x":0.4078441560268402,"y":-0.4561273157596588,"z":0.24764561653137208,"w":0.7511935234069824},"size":23.955753326416017,"orthographic":false}