{"cameraMode":{"drawMode":0,"name":"Shaded","section":"Shading Mode"},"sceneLighting":true,"audioPlay":false,"sceneViewState":{"showFog":false,"showMaterialUpdate":false,"showSkybox":false,"showFlares":false,"showImageEffects":false,"showParticleSystems":false},"in2DMode":false,"pivot":{"x":-0.3712925612926483,"y":1.6886600255966187,"z":0.6026423573493958},"rotation":{"x":-0.003195840632542968,"y":-0.7034898996353149,"z":-0.0031675929203629495,"w":0.7107011079788208},"size":4.319076061248779,"orthographic":false}