{"cameraMode":{"drawMode":0,"name":"Shaded","section":"Shading Mode"},"sceneLighting":false,"audioPlay":false,"sceneViewState":{"showFog":false,"showMaterialUpdate":false,"showSkybox":false,"showFlares":false,"showImageEffects":false,"showParticleSystems":false},"in2DMode":false,"pivot":{"x":1.381950855255127,"y":-5.689175605773926,"z":15.358447074890137},"rotation":{"x":-0.23352938890457154,"y":-0.028584785759449006,"z":0.00686845974996686,"w":-0.9719058871269226},"size":30.150630950927736,"orthographic":false}