{"cameraMode":{"drawMode":0,"name":"Shaded","section":"Shading Mode"},"sceneLighting":false,"audioPlay":false,"sceneViewState":{"showFog":false,"showMaterialUpdate":false,"showSkybox":false,"showFlares":false,"showImageEffects":false,"showParticleSystems":false},"in2DMode":false,"pivot":{"x":-10.326127052307129,"y":-12.73720932006836,"z":15.552842140197754},"rotation":{"x":-0.28255921602249148,"y":0.5596715807914734,"z":-0.21086055040359498,"w":-0.7499799728393555},"size":28.513864517211915,"orthographic":false}