{"cameraMode":{"drawMode":0,"name":"Shaded","section":"Shading Mode"},"sceneLighting":true,"audioPlay":false,"sceneViewState":{"showFog":false,"showMaterialUpdate":false,"showSkybox":false,"showFlares":false,"showImageEffects":false,"showParticleSystems":false},"in2DMode":false,"pivot":{"x":-0.10045256465673447,"y":-9.93112850189209,"z":9.396682739257813},"rotation":{"x":0.47812339663505556,"y":0.03292197734117508,"z":-0.01793738268315792,"w":0.8774957656860352},"size":20.99234390258789,"orthographic":false}