{"cameraMode":{"drawMode":0,"name":"Shaded","section":"Shading Mode"},"sceneLighting":false,"audioPlay":false,"sceneViewState":{"showFog":false,"showMaterialUpdate":false,"showSkybox":false,"showFlares":false,"showImageEffects":false,"showParticleSystems":false},"in2DMode":false,"pivot":{"x":-0.0249023474752903,"y":1.4767242670059205,"z":2.486811399459839},"rotation":{"x":0.023913687095046045,"y":-0.6953893899917603,"z":0.023165004327893258,"w":0.7178622484207153},"size":1.2827826738357545,"orthographic":true}