{"cameraMode":{"drawMode":0,"name":"Shaded","section":"Shading Mode"},"sceneLighting":true,"audioPlay":false,"sceneViewState":{"showFog":false,"showMaterialUpdate":false,"showSkybox":false,"showFlares":false,"showImageEffects":false,"showParticleSystems":false},"in2DMode":false,"pivot":{"x":805.4985961914063,"y":316.1852111816406,"z":-133.86158752441407},"rotation":{"x":-0.10391459614038468,"y":0.8664916753768921,"z":-0.20270945131778718,"w":-0.44418829679489138},"size":440.0513916015625,"orthographic":false}