{"cameraMode":{"drawMode":0,"name":"Shaded","section":"Shading Mode"},"sceneLighting":true,"audioPlay":false,"sceneViewState":{"showFog":false,"showMaterialUpdate":false,"showSkybox":false,"showFlares":false,"showImageEffects":false,"showParticleSystems":false},"in2DMode":false,"pivot":{"x":-0.056247860193252566,"y":5.502148151397705,"z":-1.3226388692855836},"rotation":{"x":-0.6033599376678467,"y":0.14983591437339784,"z":-0.11672721058130264,"w":-0.7745236158370972},"size":3.2527763843536379,"orthographic":false}