{"cameraMode":{"drawMode":0,"name":"Shaded","section":"Shading Mode"},"sceneLighting":true,"audioPlay":false,"sceneViewState":{"showFog":true,"showMaterialUpdate":false,"showSkybox":true,"showFlares":true,"showImageEffects":true,"showParticleSystems":true},"in2DMode":false,"pivot":{"x":1.2075817584991456,"y":-2.512465476989746,"z":-10.13280200958252},"rotation":{"x":0.012202446348965168,"y":0.9490459561347961,"z":-0.3127245306968689,"w":0.03703305870294571},"size":10.0,"orthographic":false}